,Year,Month,Temperature(â„ƒ),date,WTI_volume,WTI_spread,WTI_price,XOM_volume,XOM_spread,XOM_price,CVX_volume,CVX_spread,CVX_price,LMT_volume,LMT_spread,LMT_price,SPY_volume,SPY_spread,SPY_price,XOP_volume,XOP_spread,XOP_price,SOYB_volume,SOYB_spread,SOYB_price,RJA_volume,RJA_spread,RJA_price,XLF_volume,XLF_spread,XLF_price,XAR_volume,XAR_spread,XAR_price,XLB_volume,XLB_spread,XLB_price
0,2014,Jan,15.19,2014-01-16 14:24:00.000000000,681996.7,0.5779999999999998,14.761500000000002,12080399.3,1.268999999999999,97.931,6261479.7,1.4730000000000003,119.78600000000002,2081138.1,2.515000000000005,149.929,119907636.7,1.5295000000000016,182.012,4746843.85,1.3179999999999985,66.358,3006.8,0.17799999999999988,22.619999999999997,138486.7,0.05399999999999997,7.8950000000000005,43900146.75,0.22000000000000025,21.692,11745.45,1.2985000000000013,99.96000000000001,5716777.0,0.5135000000000005,45.192
1,2014,Feb,14.93,2014-02-15 10:06:18.947368448,750194.0,0.5510526315789473,14.643157894736843,13355739.315789474,1.4031578947368435,92.95157894736842,7586087.947368421,1.7273684210526306,113.01789473684211,2312523.5263157897,3.308421052631575,158.66315789473683,126009667.05263157,1.8457894736842086,181.83894736842106,4320175.263157895,1.1905263157894732,67.5578947368421,6270.736842105263,0.5673684210526313,23.49421052631579,188715.36842105264,0.06157894736842106,8.244736842105263,45322275.78947368,0.24736842105263132,21.35842105263158,6429.631578947368,1.3273684210526322,100.42210526315789,7891826.421052632,0.5915789473684219,45.44631578947369
2,2014,Mar,15.06,2014-03-16 05:42:51.428571392,1010912.1904761905,0.5880952380952377,15.726666666666667,12177530.61904762,1.3428571428571423,94.90095238095239,6241833.904761905,1.4309523809523814,115.83095238095237,1815177.5238095238,2.3390476190476166,162.6261904761905,121622978.1904762,1.7323809523809521,186.5547619047619,3285380.619047619,1.3533333333333335,69.88,8609.47619047619,0.8109523809523813,24.526190476190475,144323.14285714287,0.1071428571428572,8.851904761904763,48906299.38095238,0.24809523809523745,22.163333333333334,5166.809523809524,1.2933333333333332,102.80047619047619,6362687.285714285,0.5295238095238101,47.2747619047619
3,2014,Apr,15.09,2014-04-15 04:34:17.142857216,785829.0476190476,0.5004761904761902,18.363333333333333,10997373.523809524,1.0923809523809522,99.05619047619047,6209228.380952381,1.2580952380952375,121.29047619047618,1530014.9523809524,3.240476190476195,159.83380952380952,111688017.1904762,1.8080952380952326,186.30761904761906,3766932.5714285714,1.399523809523809,74.80523809523808,10100.095238095239,0.4733333333333334,25.47,107503.19047619047,0.08571428571428537,8.933809523809524,44916007.428571425,0.24809523809523792,21.90809523809524,3750.7619047619046,1.1861904761904754,100.1647619047619,5296191.428571428,0.5866666666666673,47.23095238095238
4,2014,May,15.1,2014-05-15 13:42:51.428571392,823751.0476190476,0.4947619047619047,15.754761904761907,8566142.42857143,0.9795238095238099,101.68523809523809,4947216.047619048,1.2133333333333316,124.18666666666667,1232566.4285714286,1.9961904761904783,163.60285714285715,84769392.61904761,1.3128571428571385,189.17523809523811,3274603.3333333335,1.3461904761904746,75.72142857142858,5165.9047619047615,0.48142857142857143,25.595714285714287,84385.09523809524,0.0823809523809522,8.82095238095238,27415402.19047619,0.18714285714285728,21.97,7593.380952380952,0.8066666666666645,100.33333333333333,3782585.714285714,0.4447619047619049,48.12571428571429
5,2014,Jun,15.04,2014-06-15 05:42:51.428571392,712075.4285714285,0.4252380952380953,15.396190476190476,9951573.42857143,1.0747619047619057,101.87904761904763,6316163.142857143,1.3347619047619048,127.75571428571428,1025233.5714285715,2.0242857142857096,164.27666666666667,79779058.71428572,1.0871428571428592,194.9252380952381,3162936.1428571427,1.2857142857142858,80.07000000000001,6680.0,0.3919047619047621,25.316666666666666,96703.09523809524,0.06380952380952379,8.415714285714285,25519123.04761905,0.17190476190476167,22.697142857142858,2570.7619047619046,0.6680952380952367,101.86285714285714,5046112.714285715,0.42142857142857215,49.429047619047616
6,2014,Jul,14.97,2014-07-16 13:05:27.272727296,473640.2272727273,0.42590909090909085,15.035454545454543,8610645.863636363,1.1636363636363627,102.78090909090908,4626216.045454546,1.3386363636363605,131.17818181818183,1307474.5,2.176363636363635,163.4859090909091,86083573.68181819,1.254545454545453,197.17545454545453,4765591.454545454,1.3054545454545448,79.06090909090909,9589.636363636364,0.34045454545454507,22.971363636363638,142333.72727272726,0.0718181818181819,7.847727272727273,26626141.454545453,0.17636363636363644,22.84318181818182,10055.863636363636,0.8440909090909094,98.46,4336838.681818182,0.37590909090909075,49.76090909090909
7,2014,Aug,14.98,2014-08-15 18:17:08.571428608,670726.9047619047,0.5623809523809523,14.00047619047619,8928682.523809524,1.0804761904761917,99.14238095238095,4290403.0,1.3895238095238112,127.47095238095237,1133689.380952381,1.921904761904764,170.54285714285714,87137374.90476191,1.3828571428571383,196.35142857142858,5389228.476190476,1.466666666666668,75.81904761904762,5111.714285714285,0.24714285714285716,21.961904761904762,90459.85714285714,0.058095238095238054,7.564761904761904,29024706.666666668,0.20142857142857157,22.753809523809522,6518.0,0.8728571428571441,98.95190476190477,4015275.1904761903,0.3966666666666666,49.75285714285714
8,2014,Sep,14.99,2014-09-14 22:54:32.727272704,838080.3636363636,0.615909090909091,13.072272727272725,10944884.545454545,1.2836363636363652,96.84272727272727,6141436.2272727275,1.692272727272728,124.20681818181819,1358652.5,2.0886363636363643,176.84681818181818,98749400.45454545,1.5999999999999994,199.5818181818182,6956587.954545454,1.85818181818182,73.52681818181817,4196.909090909091,0.3022727272727277,20.383636363636363,151419.72727272726,0.054545454545454515,7.213636363636363,33476945.545454547,0.2086363636363631,23.403636363636362,3978.2272727272725,0.8818181818181808,102.22545454545455,4587659.045454546,0.44818181818181846,50.24636363636364
9,2014,Oct,14.99,2014-10-15 16:00:00.000000000,1502442.4285714286,0.8861904761904766,9.662380952380952,15289499.19047619,1.9938095238095233,92.97761904761904,8770841.57142857,2.5280952380952404,114.94761904761906,1978276.1904761905,3.740476190476191,178.31285714285715,174771256.85714287,2.8257142857142803,193.41809523809522,17037868.38095238,2.9652380952380955,60.333333333333336,14392.380952380952,0.4380952380952386,20.078095238095237,116218.61904761905,0.0790476190476189,7.24952380952381,54351562.047619045,0.3261904761904761,22.872857142857143,9924.095238095239,1.503333333333333,98.00809523809524,12864972.095238095,0.9433333333333335,47.28333333333334
10,2014,Nov,14.97,2014-11-15 12:00:00.000000000,1833928.75,0.6784999999999997,9.282,11398096.1,1.253499999999999,95.187,6866518.8,1.7224999999999995,116.48599999999999,1335818.45,2.2275000000000005,188.08800000000002,81669642.05,1.1129999999999982,204.82350000000002,8943962.75,2.113500000000001,59.2155,22149.2,0.4044999999999998,21.1405,113396.0,0.06700000000000027,7.3709999999999996,22173837.3,0.14999999999999997,24.178,6499.0,0.7204999999999977,105.17999999999999,5319414.4,0.4794999999999998,49.308499999999995
11,2014,Dec,14.99,2014-12-15 05:27:16.363636480,2478924.0,0.6431818181818183,6.776818181818182,18229958.136363637,2.001818181818182,91.71863636363636,10054748.363636363,2.6999999999999997,109.56454545454545,1197811.7727272727,2.7213636363636353,190.985,138416856.5,2.286363636363637,205.61454545454544,10805220.318181818,2.161363636363636,47.531363636363636,12889.136363636364,0.2904545454545453,21.028636363636362,123785.81818181818,0.06863636363636363,7.47409090909091,29978281.227272727,0.280454545454545,24.620454545454546,6181.590909090909,1.0050000000000012,106.79545454545455,5846874.681818182,0.6404545454545456,48.57909090909091
12,2015,Jan,15.27,2015-01-16 15:36:00.000000000,2122840.9,0.4175,5.8759999999999994,16340972.15,1.8610000000000007,90.5255,10486018.4,2.7135000000000007,106.69000000000001,1331595.6,3.651000000000002,193.21200000000002,159175300.15,2.9349999999999965,202.5825,12444536.35,1.9965000000000004,44.9255,16703.1,0.3430000000000003,20.3,92173.1,0.06749999999999999,7.158499999999999,42464452.75,0.38799999999999973,23.758000000000003,6853.9,1.4760000000000004,107.654,5457193.5,0.8385000000000001,47.9405
13,2015,Feb,15.36,2015-02-14 10:06:18.947368448,2835338.1052631577,0.44684210526315793,6.141578947368421,14549870.421052631,1.226315789473685,90.77368421052631,7803580.578947368,1.661578947368423,109.21157894736842,1369978.5263157894,2.6815789473684233,198.03315789473686,100086211.31578948,1.6742105263157925,208.30052631578948,13753829.789473685,1.7615789473684218,51.75157894736842,18298.42105263158,0.257894736842105,20.038947368421052,54522.42105263158,0.06473684210526316,7.010526315789473,31036613.789473683,0.23473684210526316,24.211052631578948,9574.21052631579,1.0915789473684208,114.20631578947369,3885734.052631579,0.5673684210526305,50.77157894736842
14,2015,Mar,15.43,2015-03-15 22:54:32.727272704,2797962.6818181816,0.34409090909090917,5.453636363636364,15011830.090909092,1.1690909090909083,85.17909090909092,7741116.681818182,1.792727272727272,104.58727272727273,1237982.9545454546,2.755000000000001,200.74181818181816,124996500.86363636,1.9577272727272712,208.14772727272728,9233516.090909092,1.439545454545453,48.87772727272727,9373.045454545454,0.2031818181818184,19.73227272727273,76342.68181818182,0.06136363636363635,6.838636363636363,31405556.09090909,0.26363636363636395,24.324545454545454,15665.272727272728,1.2427272727272716,116.82136363636364,3819474.090909091,0.5490909090909087,49.81272727272728
15,2015,Apr,15.33,2015-04-16 06:51:25.714285824,2862489.619047619,0.37476190476190474,6.16047619047619,11984348.38095238,1.2266666666666661,86.41714285714286,6192384.904761905,1.5928571428571416,108.76380952380953,1353605.9523809524,2.8680952380952403,196.82809523809524,96985012.90476191,1.7471428571428516,209.31571428571428,9236471.476190476,1.3838095238095236,53.15857142857143,5533.428571428572,0.19047619047619044,19.593809523809526,53682.71428571428,0.05238095238095225,6.761904761904762,24622265.38095238,0.23142857142857085,24.24904761904762,16535.714285714286,1.3228571428571443,118.03190476190477,2912148.523809524,0.47142857142857103,49.825714285714284
16,2015,May,15.26,2015-05-15 07:12:00.000000000,2467822.5,0.30250000000000005,5.6579999999999995,9946192.4,1.0704999999999991,87.075,6643575.55,1.3310000000000002,106.42850000000001,1057577.1,1.9234999999999984,190.7455,94625989.95,1.5520000000000025,211.36149999999998,7440524.0,1.3114999999999999,51.347500000000004,13059.9,0.16050000000000017,19.106,70946.0,0.06000000000000002,6.696,26194368.85,0.21399999999999983,24.6665,14716.95,1.0414999999999985,117.0605,3569012.4,0.4580000000000002,50.991499999999995
17,2015,Jun,15.22,2015-06-14 05:42:51.428571392,1115221.0476190476,0.19761904761904764,5.44,10658464.38095238,0.8628571428571431,84.61047619047619,7089751.19047619,1.2123809523809534,100.29095238095239,1198454.2857142857,2.0090476190476187,190.35142857142858,112015126.04761904,1.7333333333333323,210.34952380952382,6011612.857142857,0.9833333333333333,48.95285714285714,13280.714285714286,0.20619047619047606,19.031904761904762,61792.333333333336,0.0652380952380952,6.786666666666667,33793355.809523806,0.23571428571428601,24.879047619047622,8249.095238095239,1.0776190476190481,116.58333333333333,3153136.523809524,0.44333333333333347,50.10285714285715
18,2015,Jul,15.16,2015-07-16 22:54:32.727272704,1342721.3636363635,0.31227272727272726,4.488636363636363,12455854.318181818,1.2290909090909101,81.99545454545455,8390164.409090908,1.5345454545454542,93.45272727272727,1297614.6818181819,2.6009090909090884,198.6631818181818,111488993.77272727,1.7627272727272754,209.29090909090908,12890093.090909092,1.4159090909090901,41.809090909090905,22229.090909090908,0.2818181818181818,19.8,91388.09090909091,0.07272727272727271,6.934545454545455,29068777.954545453,0.22636363636363666,25.01409090909091,28569.18181818182,1.200909090909091,113.23136363636364,5897832.590909091,0.6336363636363642,47.06636363636364
19,2015,Aug,15.13,2015-08-16 05:42:51.428571392,1236742.3333333333,0.3280952380952381,3.246666666666667,18473364.666666668,1.9352380952380965,75.90714285714286,13711140.38095238,2.556666666666667,81.47380952380952,1390514.5238095238,3.711904761904761,207.38666666666666,177853654.57142857,3.5228571428571396,204.27476190476187,12200364.095238095,1.6652380952380952,37.36571428571428,11181.714285714286,0.276190476190476,18.40142857142857,106123.47619047618,0.06761904761904776,6.496666666666667,48673152.52380952,0.5657142857142853,24.504761904761907,14100.52380952381,3.4757142857142855,109.53523809523809,8268484.904761905,0.8776190476190473,44.55428571428571
20,2015,Sep,15.13,2015-09-15 17:08:34.285714176,1161683.1904761905,0.27857142857142864,3.383809523809524,15078309.666666666,1.2257142857142842,73.01761904761904,11723283.047619049,1.627142857142858,77.16428571428571,1325382.1904761905,3.2919047619047603,204.56428571428575,156167279.42857143,2.89809523809524,194.64000000000001,10560047.57142857,1.2538095238095244,35.079523809523806,7367.809523809524,0.17761904761904743,17.67761904761905,47879.95238095238,0.051428571428571344,6.329047619047619,42104183.047619045,0.338095238095238,22.872857142857143,14913.57142857143,0.8528571428571444,69.61761904761904,7163261.761904762,0.6933333333333328,41.726190476190474
21,2015,Oct,15.16,2015-10-16 01:05:27.272727296,1339742.5909090908,0.24045454545454545,3.325909090909091,14460277.545454545,1.609545454545453,80.1440909090909,10217477.0,2.182272727272729,88.48363636363636,1389425.3636363635,3.626363636363639,213.5159090909091,115281115.0909091,2.0959090909090903,202.38227272727272,13268585.181818182,1.5672727272727258,37.519090909090906,7781.227272727273,0.16636363636363632,17.992727272727276,46972.681818181816,0.05772727272727263,6.484999999999999,37549870.40909091,0.2968181818181817,23.514545454545456,58236.318181818184,0.6300000000000007,52.377272727272725,8678492.772727273,0.7031818181818171,43.81909090909091
22,2015,Nov,15.19,2015-11-14 16:48:00.000000000,1122440.45,0.24899999999999994,3.535,13210405.7,1.6060000000000003,81.9405,8834965.35,2.2024999999999983,92.159,1385113.95,2.870000000000003,220.192,96225631.05,1.8605000000000005,208.36849999999998,11655747.1,1.3130000000000002,37.855000000000004,8929.05,0.13600000000000026,17.472,136446.2,0.07749999999999992,6.343999999999999,38331343.0,0.2625000000000001,24.45,29075.9,0.577,54.1075,6640557.8,0.5675000000000001,45.2685
23,2015,Dec,15.23,2015-12-15 14:10:54.545454592,1298790.6818181819,0.2086363636363636,2.791818181818182,16684955.136363637,1.6013636363636345,77.91090909090909,11884070.954545455,2.5595454545454555,90.05727272727273,1236932.0909090908,2.773636363636359,217.5563636363636,132949306.45454545,2.5749999999999975,205.58863636363637,15279041.363636363,1.1659090909090912,31.609545454545454,5950.954545454545,0.18090909090909107,17.676363636363636,170653.81818181818,0.056363636363636414,6.318636363636363,45157187.36363637,0.36954545454545484,24.05909090909091,17310.772727272728,0.6377272727272725,53.16045454545454,6851998.136363637,0.6940909090909085,44.17636363636364
24,2016,Jan,15.86,2016-01-16 10:06:18.947368448,1561783.4736842106,0.17105263157894735,1.7626315789473685,22050245.89473684,2.3121052631578936,76.11947368421052,14741996.157894736,3.376315789473685,83.62315789473683,2128590.6315789474,4.884736842105265,213.17894736842106,195418476.84210527,3.7094736842105274,191.64368421052632,23196447.210526317,1.5584210526315792,26.59263157894737,13526.894736842105,0.15947368421052596,17.42105263157895,54763.05263157895,0.045263157894736825,6.135263157894737,68725395.10526316,0.44736842105263175,21.818947368421053,23567.684210526317,0.8994736842105269,49.363157894736844,9869630.368421054,0.9810526315789474,39.11210526315789
25,2016,Feb,16.14,2016-02-14 04:48:00.000000000,1121531.8,0.14949999999999994,1.645,17991817.6,1.9580000000000013,80.38550000000001,11745753.15,2.7925000000000018,84.8815,1635883.75,3.6565,213.1225,146036530.95,2.7885000000000004,190.5755,22609393.75,1.1469999999999998,25.0935,12205.4,0.19249999999999917,17.4135,56737.75,0.041999999999999996,6.049,80352374.9,0.38350000000000006,20.8855,18328.15,0.7150000000000002,47.9935,9364582.7,0.8595000000000006,40.469
26,2016,Mar,16.21,2016-03-15 14:10:54.545454592,2694398.6818181816,0.3427272727272727,2.6113636363636363,13310978.045454545,1.436818181818179,83.2390909090909,9762224.681818182,2.2727272727272734,93.13727272727273,1133286.0909090908,2.685909090909091,218.69545454545457,105604830.5909091,1.9004545454545392,202.29409090909093,26513470.59090909,1.251818181818182,29.305000000000003,21806.863636363636,0.1431818181818179,17.707727272727272,41602.0,0.044999999999999936,6.161818181818182,51791886.40909091,0.27999999999999997,22.332272727272727,9347.90909090909,0.5072727272727274,51.34909090909091,6465831.954545454,0.6581818181818186,44.25772727272727
27,2016,Apr,16.11,2016-04-15 18:17:08.571428608,1969249.0,0.17904761904761907,2.236190476190476,10561956.333333334,1.1685714285714295,85.3847619047619,7413807.619047619,1.6357142857142861,98.49571428571429,1030081.380952381,2.4552380952380926,227.18428571428572,90982642.61904761,1.828571428571426,207.32380952380953,20390334.80952381,1.086666666666667,33.08428571428571,22016.095238095237,0.23238095238095197,18.813333333333333,63337.333333333336,0.06095238095238088,6.351428571428571,43597935.952380955,0.2709523809523806,22.94190476190476,10004.857142857143,0.5357142857142854,53.21523809523809,5305457.714285715,0.576666666666667,46.04904761904762
28,2016,May,15.94,2016-05-15 06:51:25.714285824,1459267.0952380951,0.15666666666666665,2.1923809523809523,10436816.238095239,1.1228571428571448,89.24238095238096,6232383.857142857,1.5295238095238104,101.08190476190475,1098893.380952381,2.634761904761908,240.00714285714284,87360119.61904761,1.7252380952381001,206.66666666666666,17351679.80952381,1.0757142857142858,34.32380952380952,18987.428571428572,0.30476190476190446,19.895238095238096,62218.0,0.06476190476190477,6.516666666666667,36195237.9047619,0.26809523809523783,23.272857142857145,12690.142857142857,0.5680952380952374,55.03666666666667,6261907.095238095,0.6166666666666665,46.49904761904762
29,2016,Jun,15.77,2016-06-15 16:21:49.090909184,1052206.2272727273,0.0913636363636364,2.155,11469003.090909092,1.185909090909093,90.53318181818182,6918496.454545454,1.512727272727274,102.09363636363636,1285153.5454545454,2.6422727272727298,239.88181818181818,119573622.81818181,2.0522727272727277,208.42772727272725,14934577.5,0.9877272727272732,35.51318181818181,26366.272727272728,0.2922727272727274,20.96727272727273,69291.59090909091,0.07318181818181815,6.744999999999999,54484140.95454545,0.30090909090909074,22.95590909090909,14682.40909090909,0.6454545454545446,55.95409090909091,5706778.181818182,0.5986363636363637,47.07772727272727
30,2016,Jul,15.65,2016-07-16 08:24:00.000000000,796485.95,0.077,2.134,10531053.9,1.1320000000000014,93.30550000000001,6730844.4,1.414499999999998,104.686,2722969.95,3.4084999999999965,254.18850000000003,82422693.95,1.4270000000000025,214.61999999999998,13189717.6,1.0234999999999996,34.3825,32622.9,0.46250000000000036,19.6195,55477.2,0.08149999999999988,6.448,38192800.85,0.199,23.307499999999997,15834.4,0.5015000000000001,57.025,4449490.25,0.5254999999999999,47.963499999999996
31,2016,Aug,15.62,2016-08-15 15:39:07.826086912,1098210.4347826086,0.09739130434782604,1.891304347826087,10235316.043478262,1.0026086956521723,87.61782608695653,5768561.173913044,1.313478260869565,101.44652173913043,6357948.9130434785,4.023043478260875,254.5991304347826,66074053.43478261,1.231739130434782,217.87565217391307,13491591.173913043,0.8699999999999996,36.138695652173915,29804.91304347826,0.26695652173913,18.796521739130434,44588.608695652176,0.05521739130434781,6.312608695652174,28718584.913043477,0.18130434782608698,23.988260869565217,15325.173913043478,0.43521739130434745,58.69304347826087,3709440.782608696,0.47260869565217506,48.77434782608695
32,2016,Sep,15.59,2016-09-16 13:42:51.428571392,883455.0,0.08333333333333327,1.6566666666666667,12935073.61904762,1.3585714285714279,85.5604761904762,7205806.380952381,1.6747619047619022,100.37857142857142,1439509.142857143,2.6447619047619044,241.8,109700056.47619048,1.9295238095238072,215.7242857142857,19689622.523809522,0.9966666666666656,36.978095238095236,23262.571428571428,0.20285714285714254,18.580000000000002,40514.95238095238,0.04904761904761919,6.20952380952381,53990199.61904762,0.26809523809523783,21.86095238095238,23789.85714285714,0.6157142857142874,57.93142857142857,5218229.142857143,0.5352380952380967,47.67952380952381
33,2016,Oct,15.55,2016-10-16 05:42:51.428571392,775905.4761904762,0.0738095238095238,1.5695238095238095,9144802.761904761,1.1009523809523825,86.69238095238094,6602831.523809524,1.5347619047619043,101.95904761904761,1377002.5714285714,3.213809523809527,237.14238095238093,82175580.52380952,1.45571428571428,214.07761904761907,16338901.904761905,0.885238095238095,37.7447619047619,18256.0,0.237619047619047,18.96238095238095,30068.666666666668,0.05619047619047614,6.318095238095238,50931503.428571425,0.19857142857142895,19.583333333333332,19454.95238095238,0.5142857142857141,57.31238095238095,4882162.19047619,0.4928571428571426,46.87190476190476
34,2016,Nov,15.55,2016-11-14 21:42:51.428571392,867095.8095238095,0.09428571428571418,1.5209523809523808,11102615.047619049,1.2404761904761896,85.68095238095238,8094315.142857143,1.4942857142857133,108.27000000000001,1556371.4285714286,3.7709523809523824,256.78476190476187,98753539.38095239,1.6966666666666679,216.66714285714286,20856173.285714287,1.0633333333333321,37.58190476190477,21453.0,0.21142857142857144,19.34095238095238,30595.761904761905,0.061428571428571485,6.3447619047619055,108918549.1904762,0.3014285714285713,21.382380952380952,325238.4285714286,0.8290476190476183,62.12666666666667,6638028.285714285,0.5280952380952376,48.21476190476191
35,2016,Dec,15.54,2016-12-15 13:42:51.428571392,3917282.714285714,0.23666666666666666,2.487142857142857,10496939.857142856,1.049047619047617,89.77571428571429,6405119.761904762,1.3952380952380952,116.46333333333334,1659151.2857142857,3.306666666666664,255.79666666666668,86757626.71428572,1.3852380952380967,224.63285714285715,15066761.095238095,0.8695238095238095,42.31428571428572,10404.52380952381,0.160476190476191,19.572857142857142,69344.23809523809,0.05190476190476186,6.325238095238096,77413519.42857143,0.27238095238095233,23.395238095238096,153914.80952380953,0.6942857142857145,64.69238095238094,5092410.952380952,0.5004761904761894,50.52619047619047
36,2017,Jan,15.7,2017-01-16 15:36:00.000000000,2011400.15,0.16049999999999992,3.093,12625730.4,1.1769999999999996,86.491,6191617.05,1.4119999999999997,115.75,1516046.85,3.7329999999999943,254.718,74120431.9,1.2980000000000018,227.06900000000002,11162919.3,0.7310000000000005,41.134,27984.05,0.19349999999999964,19.6095,75828.35,0.055000000000000035,6.522,58662750.25,0.29250000000000004,23.395,208068.85,0.7570000000000003,64.2645,4910666.5,0.5059999999999996,51.2975
37,2017,Feb,15.77,2017-02-14 00:00:00.000000000,1212169.8421052631,0.10157894736842103,2.75,12491850.157894736,0.9273684210526311,82.28578947368422,6488543.578947368,1.4336842105263148,111.87052631578948,1068672.2105263157,2.6015789473684245,261.1536842105263,71849290.57894737,1.194736842105261,232.8778947368421,12457072.894736841,0.8268421052631576,39.44736842105263,17309.736842105263,0.17894736842105252,19.66578947368421,61920.0,0.057894736842105256,6.604210526315789,59317579.631578945,0.2415789473684212,24.07894736842105,152183.2105263158,0.604210526315789,67.11684210526316,4870411.52631579,0.4042105263157887,52.19842105263158
38,2017,Mar,15.8,2017-03-16 08:20:52.173913088,1620696.5217391304,0.14826086956521742,2.7804347826086957,13721243.56521739,1.0156521739130446,82.01826086956522,7162902.652173913,1.3317391304347812,109.29478260869566,961675.0,2.6639130434782574,268.7621739130435,83542338.69565217,1.5186956521739146,236.54956521739132,17184885.04347826,0.8243478260869557,36.60913043478261,22672.260869565216,0.13695652173912987,18.94695652173913,54425.0,0.0526086956521739,6.441304347826088,83481352.39130434,0.42521739130434755,24.323478260869567,141561.30434782608,0.7760869565217376,67.53521739130434,4619273.9130434785,0.5365217391304343,52.25
39,2017,Apr,15.68,2017-04-15 13:53:41.052631552,1382435.0526315789,0.11578947368421051,2.4105263157894736,10138132.47368421,0.8021052631578944,81.86,5343294.0,1.4147368421052628,107.02526315789474,999482.1578947369,2.781052631578937,269.9352631578947,81558611.4736842,1.6189473684210522,235.5673684210526,17997009.157894738,0.8352631578947378,36.363157894736844,17500.947368421053,0.10684210526315753,18.127368421052633,46129.31578947369,0.058421052631578915,6.234736842105264,81930483.73684211,0.31263157894736865,23.451052631578946,80327.26315789473,0.7263157894736834,67.42210526315789,4018801.3157894737,0.4710526315789479,52.4478947368421
40,2017,May,15.59,2017-05-15 01:05:27.272727296,1487134.0909090908,0.13181818181818178,2.1386363636363637,10011373.0,0.716818181818181,82.08272727272727,5389263.181818182,1.2681818181818179,105.70454545454545,888747.2727272727,2.3731818181818123,274.0109090909091,67945478.04545455,1.124545454545455,239.5268181818182,17007632.545454547,0.9063636363636363,34.69409090909091,23634.772727272728,0.12954545454545488,18.09090909090909,28035.909090909092,0.04863636363636361,6.27,68476949.95454545,0.23909090909090913,23.595000000000002,107755.59090909091,0.6659090909090886,68.5340909090909,4277089.863636363,0.44499999999999995,52.785
41,2017,Jun,15.46,2017-06-16 01:05:27.272727296,1914865.4090909092,0.12045454545454545,2.0136363636363637,13810762.545454545,0.979545454545455,81.51863636363636,5755673.181818182,1.3936363636363636,105.23545454545454,873949.6818181818,2.796363636363638,279.56636363636363,71488767.0909091,1.433181818181817,243.2722727272727,22388023.636363637,0.8754545454545457,31.78909090909091,23150.590909090908,0.15863636363636335,17.717272727272725,60286.22727272727,0.053181818181818136,6.203181818181818,76994073.86363636,0.26772727272727254,24.113636363636363,84265.90909090909,0.7186363636363644,70.33,4321789.2272727275,0.49000000000000005,54.01227272727272
42,2017,Jul,15.39,2017-07-16 20:24:00.000000000,1336053.75,0.09299999999999993,1.9620000000000002,10066685.75,0.8225000000000001,80.5765,5264502.05,1.3704999999999992,104.6625,1021107.3,3.281000000000006,287.3045,53149667.05,1.1239999999999994,245.045,16425230.85,0.8100000000000002,31.8945,47448.75,0.2510000000000001,19.0085,35327.45,0.07550000000000004,6.4365,55613785.75,0.22600000000000048,24.941,91129.4,0.7085000000000001,72.75649999999999,3530663.6,0.45249999999999985,54.92999999999999
43,2017,Aug,15.35,2017-08-16 00:00:00.000000000,1484672.391304348,0.07739130434782604,1.9191304347826088,9757091.52173913,0.6443478260869568,77.98913043478261,4751444.0869565215,1.178695652173915,108.39347826086957,1013802.3478260869,2.797826086956533,302.09565217391304,67697031.13043478,1.4599999999999993,245.63260869565218,13551071.43478261,0.644347826086956,30.149130434782613,29431.304347826088,0.17869565217391314,17.960434782608697,53527.913043478264,0.055652173913043376,6.111739130434782,47348648.782608695,0.22173913043478202,24.92782608695652,141771.1739130435,0.6430434782608693,74.35043478260869,3941140.0,0.3960869565217397,54.26347826086956
44,2017,Sep,15.33,2017-09-16 08:24:00.000000000,3981615.2,0.19449999999999998,2.5,10812458.4,0.6335000000000001,79.86,5483569.35,1.2570000000000001,114.529,1130115.05,2.6970000000000027,305.151,64320264.0,0.9965000000000032,249.05900000000003,15603461.2,0.6619999999999997,32.142,48034.25,0.1664999999999997,18.319499999999998,38174.7,0.043499999999999914,6.092499999999999,58455126.45,0.2519999999999999,24.9865,144890.95,0.5924999999999997,77.229,4466405.8,0.42449999999999977,56.1015
45,2017,Oct,15.33,2017-10-15 22:54:32.727272704,2262213.3181818184,0.15136363636363637,3.0845454545454545,7836743.090909091,0.6499999999999979,82.68045454545455,5150221.681818182,1.4163636363636363,118.03545454545456,1047849.3181818182,3.2500000000000027,315.04545454545456,60028389.0,1.0431818181818215,255.23272727272726,10745561.090909092,0.6309090909090905,33.50545454545455,15986.727272727272,0.15727272727272712,18.46,28626.636363636364,0.03909090909090906,6.069090909090909,48845970.13636363,0.22409090909090887,26.401818181818182,144598.86363636365,0.6709090909090905,81.76272727272728,3934251.272727273,0.39545454545454556,58.317727272727275
46,2017,Nov,15.34,2017-11-15 08:00:00.000000000,2051735.7142857143,0.1433333333333333,3.1476190476190475,9133832.952380951,0.6752380952380949,82.27190476190476,4849402.285714285,1.283333333333334,116.28523809523809,856217.619047619,3.028571428571427,313.63142857142856,65029573.047619045,1.2914285714285716,259.26809523809527,16769533.666666666,0.7323809523809518,35.32190476190476,37118.619047619046,0.1361904761904761,18.49238095238095,28801.85714285714,0.036666666666666646,6.068095238095238,58142792.0952381,0.279047619047619,26.462857142857143,117865.42857142857,0.7323809523809521,81.00047619047619,4205789.666666667,0.43428571428571383,58.593333333333334
47,2017,Dec,15.37,2017-12-15 07:12:00.000000000,2015186.55,0.192,3.0765000000000002,11030063.9,0.7240000000000009,83.193,5263108.75,1.431499999999999,121.58600000000001,973872.05,3.3174999999999955,317.209,85761141.5,1.4305000000000063,266.1675,14523848.05,0.7395000000000003,35.774,61286.9,0.1290000000000006,18.2185,70411.3,0.040499999999999904,5.968500000000001,66169777.3,0.30099999999999977,27.931,105273.45,0.9115000000000009,82.5985,4461283.6,0.42799999999999977,59.742
48,2018,Jan,15.32,2018-01-16 09:08:34.285714176,3322267.523809524,0.35857142857142843,4.628095238095238,11140220.333333334,1.0838095238095233,87.32523809523809,6204476.476190476,1.8395238095238073,129.82999999999998,1438239.2857142857,5.043809523809524,333.69952380952384,95051912.14285715,2.0304761904761954,278.3047619047619,15973730.285714285,0.7328571428571429,38.789047619047615,19094.190476190477,0.13190476190476103,18.1,143849.2857142857,0.03571428571428567,6.082380952380952,52530712.61904762,0.29047619047619017,29.20380952380952,143150.52380952382,0.9161904761904767,86.73476190476191,6094945.904761905,0.5790476190476193,62.94761904761905
49,2018,Feb,15.41,2018-02-14 11:22:06.315789568,2368191.1578947366,0.3163157894736841,4.029999999999999,19442883.89473684,2.1494736842105264,77.8157894736842,8963244.421052631,3.5347368421052616,113.85578947368423,1657985.3684210526,8.767368421052637,351.4015789473684,153880103.0526316,5.552631578947376,270.2368421052632,19886089.157894738,1.16263157894737,33.96473684210527,25956.157894736843,0.15315789473684244,18.627368421052633,97275.78947368421,0.039999999999999945,6.196315789473684,79568423.36842105,0.6942105263157892,28.703157894736844,216862.31578947368,1.8900000000000006,86.18368421052632,9786333.631578946,1.3089473684210533,60.02
50,2018,Mar,15.4,2018-03-15 09:08:34.285714176,1899607.4761904762,0.24428571428571433,4.0252380952380955,16987670.285714287,1.2876190476190486,74.46380952380953,6875850.047619048,2.379523809523811,114.4052380952381,1763339.7142857143,7.424285714285721,336.97285714285715,111247854.85714285,4.160000000000004,269.98190476190473,13719984.523809524,0.8709523809523803,34.47571428571429,41086.142857142855,0.19523809523809496,18.98,65644.76190476191,0.05047619047619042,6.268571428571428,62164063.190476194,0.5628571428571421,28.478571428571428,139235.2857142857,1.5133333333333348,87.44857142857143,6734551.571428572,1.037142857142859,58.84809523809523
51,2018,Apr,15.39,2018-04-15 05:42:51.428571392,2439891.238095238,0.3485714285714286,5.140476190476191,13624417.61904762,1.3857142857142888,77.4647619047619,6814906.476190476,2.352857142857143,120.17238095238095,1479048.7142857143,8.15714285714286,340.0104761904762,95262448.85714285,3.7080952380952343,264.86285714285714,19878604.523809522,0.9657142857142857,37.27047619047619,36243.90476190476,0.17142857142857112,18.901904761904763,28037.761904761905,0.047619047619047575,6.223333333333334,59077917.85714286,0.4847619047619044,27.573809523809523,126582.28571428571,1.5666666666666675,88.11,6433373.714285715,0.9966666666666649,57.86619047619048
52,2018,May,15.33,2018-05-15 10:54:32.727272704,4665267.909090909,0.49181818181818165,7.374090909090909,13606265.909090908,1.1977272727272719,80.04454545454546,6720687.090909091,2.0813636363636365,126.98818181818181,1588897.0,6.320909090909091,318.99045454545455,73018060.4090909,2.4413636363636404,270.07045454545454,21762818.818181816,0.978181818181818,41.53590909090909,34576.045454545456,0.16999999999999973,18.599545454545453,58069.59090909091,0.04409090909090904,6.336818181818182,48289123.40909091,0.36090909090909035,27.78318181818182,111126.04545454546,1.1022727272727293,87.4959090909091,5420237.0,0.6659090909090915,58.651363636363634
53,2018,Jun,15.28,2018-06-15 18:17:08.571428608,4077906.9523809524,0.4090476190476192,6.833809523809523,12277685.80952381,1.1595238095238085,81.49666666666667,6494976.80952381,2.265714285714285,125.10619047619048,1397975.0,4.651428571428572,308.8804761904762,76230968.23809524,2.0290476190476197,275.1933333333333,17204612.666666668,1.0219047619047612,41.938095238095244,63513.71428571428,0.2728571428571427,17.30095238095238,56195.90476190476,0.06142857142857139,6.09904761904762,60764043.14285714,0.34523809523809523,27.37047619047619,115595.28571428571,1.0295238095238084,88.65190476190476,5493009.095238095,0.6919047619047602,59.277142857142856
54,2018,Jul,15.26,2018-07-16 12:34:17.142857216,3612101.1904761903,0.518095238095238,7.7942857142857145,9747356.047619049,0.9985714285714279,82.45857142857143,5026112.571428572,2.0119047619047628,124.14095238095238,1330058.0476190476,5.813809523809528,314.64285714285717,60331477.47619048,1.8752380952381031,278.8723809523809,14028388.42857143,0.9190476190476196,42.91571428571429,161426.04761904763,0.2719047619047619,16.07095238095238,61801.857142857145,0.053333333333333295,5.921904761904762,56962684.952380955,0.3314285714285716,27.44238095238095,67598.71428571429,1.1928571428571426,90.49571428571429,5777527.238095238,0.6466666666666666,58.66
55,2018,Aug,15.23,2018-08-16 08:20:52.173913088,3712120.0,0.35521739130434776,6.535652173913043,9351046.826086957,0.8452173913043471,79.60913043478261,4937258.652173913,1.4213043478260874,120.92478260869565,1040502.8695652174,3.6613043478260834,320.6121739130435,56888853.56521739,1.6169565217391377,285.6926086956522,13857995.608695652,0.732173913043479,41.46608695652174,94441.39130434782,0.23217391304347806,16.25695652173913,70556.86956521739,0.0578260869565216,5.927826086956522,43411383.86956522,0.2399999999999998,28.21217391304348,88927.43478260869,0.8352173913043488,94.75086956521739,5434638.043478261,0.6460869565217394,58.990434782608695
56,2018,Sep,15.21,2018-09-16 03:47:22.105263104,3440339.789473684,0.4147368421052633,7.468947368421053,11668504.368421054,1.0963157894736857,83.59,5747201.842105263,1.6563157894736842,118.68315789473684,1321768.105263158,5.385263157894743,334.0463157894737,64361800.84210526,1.708947368421051,290.141052631579,12375843.157894736,0.7394736842105262,41.81894736842106,49959.94736842105,0.19684210526315826,15.711052631578946,72537.21052631579,0.044210526315789325,5.724736842105263,46886553.78947368,0.2857894736842114,28.29315789473684,137259.15789473685,1.0710526315789455,98.33631578947367,5788747.52631579,0.6005263157894731,59.37052631578947
57,2018,Oct,15.24,2018-10-15 15:39:07.826086912,3178333.0,0.5169565217391304,7.843043478260869,12909761.347826088,1.4791304347826066,82.03391304347826,6422536.9130434785,2.5152173913043496,118.1691304347826,1584618.6956521738,8.339565217391307,327.3565217391304,130909525.91304348,4.820434782608689,277.97478260869565,18586409.04347826,1.2156521739130435,40.28391304347826,51015.608695652176,0.18217391304347813,16.053043478260868,37672.04347826087,0.04608695652173915,5.818260869565217,84917284.2173913,0.531304347826087,26.73478260869565,231670.13043478262,1.9978260869565212,92.91782608695652,11401838.782608695,1.0204347826086957,54.24130434782609
58,2018,Nov,15.22,2018-11-15 18:17:08.571428608,3276201.5714285714,0.4671428571428571,6.254761904761905,13515929.904761905,1.6052380952380942,79.19857142857143,7044380.19047619,2.69952380952381,117.18095238095239,1420001.4761904762,6.048095238095235,301.3842857142857,95436975.28571428,3.822857142857147,272.1252380952381,23437066.76190476,1.074285714285712,34.75190476190476,49493.28571428572,0.20761904761904798,16.19952380952381,43205.09523809524,0.037619047619047524,5.737619047619047,60919343.428571425,0.4566666666666665,26.690952380952382,153503.42857142858,1.5719047619047615,88.70380952380953,8512336.095238095,0.9142857142857144,54.31142857142857
59,2018,Dec,15.23,2018-12-16 08:50:31.578947328,3272989.263157895,0.35157894736842116,4.798421052631579,19347048.94736842,2.3010526315789464,73.23684210526316,8653246.684210526,3.533684210526316,111.44894736842106,1903870.2631578948,8.365263157894743,276.4463157894737,162412665.10526314,6.57684210526316,256.65263157894736,26983736.47368421,1.2115789473684204,28.70052631578947,66935.31578947368,0.19842105263157928,16.44578947368421,50613.42105263158,0.05368421052631573,5.708421052631579,92645267.57894737,0.689473684210526,24.238947368421055,350801.4210526316,2.228421052631578,81.23105263157895,12886569.47368421,1.393684210526316,51.048421052631575
60,2019,Jan,15.34,2019-01-16 11:25:42.857142784,2353722.095238095,0.2799999999999999,5.194761904761905,12560343.523809524,1.1966666666666637,71.61428571428571,6462423.285714285,2.0076190476190487,112.24095238095238,1440343.4761904762,6.050000000000006,277.8957142857143,97310707.85714285,3.380476190476195,260.1042857142857,20852445.76190476,0.8466666666666663,30.052380952380954,31541.285714285714,0.1528571428571427,16.523809523809526,13624.047619047618,0.04190476190476164,5.708095238095238,57691267.61904762,0.3999999999999999,25.10285714285714,118705.04761904762,1.4966666666666684,83.72809523809524,8285493.666666667,0.8747619047619036,52.26095238095238
61,2019,Feb,15.3,2019-02-14 22:44:12.631578880,2138874.789473684,0.20052631578947377,4.978421052631579,12722581.684210526,1.0315789473684207,76.76947368421052,5779325.842105263,1.6452631578947372,119.0721052631579,1065508.5789473683,4.008421052631574,303.3342105263158,71901240.10526316,1.9342105263157865,275.23526315789474,17564567.789473683,0.7410526315789475,30.106315789473683,29516.526315789473,0.1373684210526313,16.486315789473686,47152.36842105263,0.035789473684210614,5.667894736842105,42159704.7368421,0.2900000000000002,26.234736842105264,351950.4210526316,0.9526315789473688,94.03105263157896,6639923.105263158,0.6026315789473685,54.385263157894734
62,2019,Mar,15.53,2019-03-15 18:17:08.571428608,3448822.3333333335,0.3242857142857141,6.079047619047619,12629634.333333334,0.9785714285714291,80.39666666666666,5904054.476190476,1.677142857142857,123.68761904761905,1272722.0,4.765238095238092,299.69619047619045,79678344.38095239,2.6219047619047564,280.0304761904762,20242989.23809524,0.7185714285714289,30.10142857142857,22394.47619047619,0.13999999999999976,16.08761904761905,28501.52380952381,0.04714285714285721,5.566190476190476,60797313.047619045,0.35761904761904784,26.12952380952381,134976.7142857143,1.3576190476190466,91.70142857142858,7091624.285714285,0.691428571428572,55.16
63,2019,Apr,15.56,2019-04-14 18:17:08.571428608,2138695.380952381,0.22809523809523802,6.757142857142857,10290004.047619049,0.9590476190476184,81.58666666666666,10464067.142857144,1.7561904761904752,122.13619047619048,1157632.9047619049,4.856190476190482,312.8947619047619,57346062.52380952,1.651428571428569,289.76476190476194,23631500.42857143,0.6857142857142855,31.696190476190477,28834.428571428572,0.1223809523809521,15.767619047619048,19860.714285714286,0.03333333333333329,5.482380952380952,49696145.52380952,0.27999999999999975,27.040952380952383,79663.80952380953,1.0861904761904777,94.40761904761905,5485944.047619048,0.538095238095236,57.42666666666667
64,2019,May,15.49,2019-05-15 20:43:38.181818112,2708934.3181818184,0.265909090909091,4.892272727272727,11256586.045454545,1.0204545454545455,75.48727272727272,7881429.2272727275,1.6559090909090892,118.99954545454544,1253344.5,5.361363636363634,337.5859090909091,83466973.04545455,3.2499999999999947,285.30227272727274,22733416.636363637,0.7836363636363639,28.741363636363634,95263.04545454546,0.20454545454545459,14.842272727272727,37785.90909090909,0.051818181818181715,5.320909090909091,47110723.81818182,0.3568181818181822,27.06954545454545,88639.63636363637,1.342272727272726,97.47227272727272,6608708.818181818,0.7381818181818179,54.50909090909091
65,2019,Jun,15.42,2019-06-15 12:00:00.000000000,2236871.95,0.22849999999999987,4.5009999999999994,10942613.0,0.9039999999999992,75.14349999999999,5634839.8,1.5055000000000014,121.74600000000001,1228758.6,5.096500000000001,353.8755,66936338.65,2.2689999999999997,288.9835,23022822.1,0.6205000000000007,26.0135,45048.05,0.18300000000000005,15.587,35680.4,0.051999999999999894,5.58,45960476.4,0.33049999999999946,27.141000000000002,155494.2,1.2850000000000001,101.1995,9172342.8,0.6079999999999994,57.442499999999995
66,2019,Jul,15.37,2019-07-16 04:21:49.090909184,2502279.6363636362,0.2331818181818182,4.597272727272728,8295721.636363637,0.8886363636363609,75.8809090909091,4437572.2727272725,1.3736363636363655,124.61363636363636,1112857.8636363635,5.204545454545457,365.48454545454547,51394593.5,2.1840909090909095,298.96,22152864.227272727,0.7081818181818176,25.520454545454548,35780.36363636364,0.17818181818181814,15.479545454545455,25215.227272727272,0.04454545454545436,5.452727272727273,37362601.27272727,0.2686363636363635,28.16772727272727,97421.27272727272,1.192727272727273,104.97909090909091,5266418.0,0.6168181818181815,58.58636363636364
67,2019,Aug,15.35,2019-08-15 17:08:34.285714176,2207685.0476190476,0.25571428571428567,4.421904761904762,12480800.904761905,1.175238095238095,69.51857142857142,5939388.619047619,2.1438095238095243,118.64142857142856,971169.0476190476,6.014761904761899,375.63,90117071.42857143,4.169523809523815,289.8252380952381,29070560.38095238,0.7380952380952382,21.888571428571428,26500.619047619046,0.1695238095238094,15.017619047619048,26658.809523809523,0.05047619047619054,5.1242857142857146,59243015.71428572,0.4352380952380954,26.756666666666668,143929.33333333334,1.5952380952380953,104.80714285714285,7903700.0,0.8480952380952382,56.59285714285714
68,2019,Sep,15.34,2019-09-16 10:30:00.000000000,3205066.5,0.3012499999999999,4.724375,11066939.4375,0.970625000000001,71.36875,6449015.9375,1.8568750000000005,121.076875,1141562.625,6.37875,387.79375,68423641.0,2.7881249999999937,297.555,34017536.5625,0.6956250000000004,23.16,30315.5,0.16249999999999995,15.182500000000001,20390.375,0.04812499999999986,5.116875,58163161.625,0.3318749999999992,27.89375,130765.75,1.4262500000000022,108.69375,5647538.875,0.6593749999999998,57.7525
69,2019,Oct,15.37,2019-10-17 15:36:00.000000000,1956968.0,0.19449999999999998,4.176,10448684.6,0.9640000000000015,68.4965,4675815.15,1.6005000000000016,115.978,1157914.75,6.262999999999991,378.1705,57280290.75,2.3329999999999957,298.10299999999995,25696502.55,0.6909999999999996,21.1415,38151.25,0.1250000000000003,15.812000000000001,18199.1,0.03549999999999999,5.3305,46876069.55,0.3170000000000001,28.069499999999998,110440.65,1.1975000000000002,104.636,5497042.95,0.7010000000000002,57.319
70,2019,Nov,15.37,2019-11-15 03:36:00.000000000,2835199.15,0.19499999999999984,4.2775,12481359.35,1.0060000000000024,69.686,5994590.35,1.7985,119.50999999999999,981918.4,4.659500000000003,386.589,52021999.3,1.5215000000000003,310.287,27641247.4,0.6014999999999995,21.668,35650.7,0.10349999999999979,15.418000000000001,21477.7,0.027499999999999847,5.352,38442435.5,0.2050000000000002,29.7725,159019.3,1.0605000000000018,110.29400000000001,3890869.3,0.4625,59.859
71,2019,Dec,15.41,2019-12-15 12:34:17.142857216,2248561.380952381,0.22619047619047628,4.929523809523809,13652608.714285715,0.881428571428571,69.45666666666666,5757546.047619048,1.3471428571428568,118.49571428571429,933997.8571428572,4.265714285714285,386.64,61453601.71428572,1.8342857142857216,317.4904761904762,28977782.38095238,0.5347619047619048,22.274761904761903,42726.0,0.11380952380952374,15.395714285714286,44386.09523809524,0.04285714285714269,5.433333333333333,39013761.47619048,0.23904761904761915,30.495714285714286,379378.95238095237,0.9580952380952383,109.68809523809523,4779825.761904762,0.5009523809523811,60.44809523809524
72,2020,Jan,15.85,2020-01-17 00:00:00.000000000,2645386.15,0.24950000000000014,4.9945,17392828.1,0.9565000000000005,67.7585,7430533.85,1.5505000000000002,115.03800000000001,1384253.7,6.930999999999997,422.31449999999995,66169153.5,2.679499999999996,326.914,30573752.3,0.5509999999999999,21.987000000000002,38994.95,0.1315,15.341,27349.15,0.03899999999999997,5.5435,40095541.3,0.3134999999999998,30.6455,276138.75,1.6670000000000023,114.78150000000001,7402304.85,0.6339999999999979,59.739
73,2020,Feb,15.96,2020-02-15 10:06:18.947368448,3211332.8421052634,0.20368421052631583,3.6152631578947365,25259063.94736842,1.4215789473684202,58.64000000000001,8340383.47368421,2.0531578947368407,106.70263157894736,1275285.1578947369,7.8210526315789455,423.9794736842106,111119934.5263158,4.944210526315783,327.3726315789474,38996955.368421055,0.631578947368421,18.26,38956.15789473684,0.1221052631578949,14.71263157894737,40474.94736842105,0.036315789473684135,5.374736842105263,59520541.21052632,0.43578947368421117,30.21526315789474,242392.84210526315,1.875789473684213,114.05526315789474,10580238.578947369,0.9221052631578953,59.02473684210526
74,2020,Mar,15.9,2020-03-15 22:54:32.727272704,6925079.454545454,0.2631818181818182,1.7054545454545453,53239534.68181818,3.038636363636364,40.22545454545455,21634007.863636363,6.03727272727273,76.46409090909091,2758422.0454545454,23.138636363636373,339.1609090909091,269395920.72727275,13.839545454545457,264.7918181818182,65746228.31818182,1.1122727272727273,12.048181818181819,39679.454545454544,0.1981818181818182,14.13090909090909,107842.90909090909,0.12954545454545444,4.9395454545454545,138610952.63636363,1.4077272727272734,22.23818181818182,421949.7727272727,4.841818181818181,81.56954545454545,14329225.818181818,2.6363636363636367,46.686818181818175
75,2020,Apr,15.86,2020-04-15 22:51:25.714285824,9924831.38095238,0.2666666666666667,2.183809523809524,37696734.14285714,2.3200000000000003,42.29333333333333,14426314.57142857,4.598571428571429,83.82190476190476,1609628.7142857143,12.793333333333331,373.24666666666667,134298640.33333334,7.301428571428568,275.4090476190476,14920594.476190476,3.067619047619048,42.43142857142857,46957.52380952381,0.18857142857142858,13.69047619047619,98767.85714285714,0.10857142857142862,4.704285714285715,73055385.33333333,0.664285714285714,21.75857142857143,181277.09523809524,2.473809523809525,77.43666666666667,9000579.238095239,1.3447619047619046,48.780952380952385
76,2020,May,15.77,2020-05-15 07:12:00.000000000,5561171.75,0.18449999999999997,2.65,23861524.1,1.6895000000000002,44.491,10346424.2,2.867,91.57849999999999,1409199.25,9.578500000000002,376.0765,95589219.5,5.3785,291.653,8929800.45,2.6079999999999997,51.684000000000005,35416.05,0.1485,13.5795,48711.65,0.06599999999999998,4.8045,69542290.25,0.5310000000000004,22.055500000000002,199619.35,2.1479999999999997,80.066,4829183.25,1.0195000000000003,52.3015
77,2020,Jun,15.68,2020-06-14 22:54:32.727272704,7739842.818181818,0.24227272727272722,2.7736363636363635,26590341.954545453,1.755,47.61772727272727,9373904.545454545,3.008181818181818,93.11227272727272,1673266.5,8.990000000000002,383.4722727272727,107258902.5,5.75681818181817,310.15409090909094,10650089.136363637,2.9572727272727275,57.10318181818182,231148.68181818182,0.1290909090909092,13.947727272727274,88615.0,0.06227272727272724,4.93,92189797.9090909,0.6813636363636362,24.20681818181818,238772.5,2.722272727272728,90.58727272727273,6715943.681818182,1.2640909090909105,56.60636363636363
78,2020,Jul,15.6,2020-07-16 22:54:32.727272704,4452085.181818182,0.13499999999999993,2.3636363636363638,20325570.636363637,1.2268181818181823,43.41909090909091,8249134.454545454,2.5609090909090906,87.845,1457633.0,7.9418181818181806,368.66727272727275,68435270.5909091,4.154090909090914,319.9940909090909,8119464.636363637,1.8786363636363645,51.21136363636364,200918.54545454544,0.12227272727272696,14.218181818181819,34456.09090909091,0.04499999999999992,5.053636363636364,58755814.04545455,0.42045454545454497,23.75909090909091,147428.0909090909,2.040000000000001,86.3059090909091,6481714.5,0.9609090909090909,59.78454545454545
79,2020,Aug,15.54,2020-08-16 05:42:51.428571392,3142028.1428571427,0.11142857142857145,2.385238095238095,21404770.523809522,0.9790476190476192,42.34619047619047,8262365.333333333,1.9428571428571462,87.15571428571428,912684.380952381,5.969523809523818,389.10380952380956,49799232.23809524,2.823333333333334,338.74809523809523,5448287.523809524,1.5661904761904768,53.78857142857142,327975.85714285716,0.14095238095238077,14.408095238095237,55654.57142857143,0.057619047619047625,5.222380952380952,46713529.52380952,0.36333333333333373,24.78142857142857,104339.71428571429,1.615238095238094,91.07285714285715,3974660.3333333335,0.7723809523809526,62.36095238095238
80,2020,Sep,15.55,2020-09-15 17:08:34.285714176,3090010.3333333335,0.12047619047619045,1.8947619047619046,28136243.19047619,1.0795238095238087,36.75238095238095,12211671.142857144,2.1880952380952383,77.13142857142857,1201635.142857143,9.563809523809528,387.73523809523806,86435547.0,6.625238095238082,336.03523809523807,8006716.619047619,1.6942857142857135,45.8352380952381,317262.4285714286,0.1890476190476188,15.55904761904762,274621.04761904763,0.07047619047619039,5.444761904761905,63282218.9047619,0.524285714285714,24.448571428571427,173322.61904761905,2.362380952380951,88.89619047619047,8305752.428571428,1.336190476190478,64.3352380952381
81,2020,Oct,15.53,2020-10-16 01:05:27.272727296,2265222.1363636362,0.08090909090909087,1.6895454545454547,28657677.545454547,0.9986363636363638,33.67818181818182,11416895.181818182,2.0163636363636375,71.92272727272727,1143007.6818181819,7.720000000000007,375.9690909090909,74064015.27272727,5.1918181818181885,340.9790909090909,6551436.409090909,1.683181818181818,43.07863636363636,238864.72727272726,0.1877272727272733,16.121363636363636,70150.0,0.07045454545454545,5.697727272727272,56032166.18181818,0.44272727272727247,24.673181818181817,104184.54545454546,1.7018181818181817,90.14181818181818,7073590.363636363,1.1045454545454534,64.86954545454546
82,2020,Nov,15.57,2020-11-14 16:48:00.000000000,4919341.2,0.15,1.7665,35200446.0,1.3624999999999996,36.8505,12083187.15,3.0284999999999984,82.833,1293053.65,7.9449999999999985,370.1805,76793930.85,4.4995000000000065,354.41999999999996,8947417.05,2.265000000000001,49.7185,158870.7,0.18349999999999986,17.398500000000002,55577.7,0.057999999999999885,5.9465,66415894.95,0.47100000000000025,26.853500000000004,117541.5,2.3639999999999994,100.731,6681282.6,1.2094999999999996,69.2335
83,2020,Dec,15.55,2020-12-15 14:10:54.545454592,4861207.136363637,0.17181818181818176,2.312727272727273,27452063.045454547,1.1863636363636354,41.89272727272727,10218303.681818182,2.3881818181818186,88.30909090909091,1598738.4545454546,5.962272727272736,356.8768181818182,61157277.22727273,3.5018181818181775,368.8863636363636,8859791.545454545,2.3545454545454545,59.14136363636363,128325.5,0.22636363636363602,18.258636363636363,109388.13636363637,0.07500000000000001,6.167272727272728,42377142.18181818,0.3645454545454547,28.74227272727273,72550.45454545454,2.064545454545453,113.13954545454546,4176505.409090909,0.9750000000000021,71.37818181818182
84,2021,Jan,15.37,2021-01-16 10:06:18.947368448,3968197.5263157897,0.16368421052631577,2.436315789473684,31307523.52631579,1.5042105263157894,46.5421052631579,10397666.894736841,2.4610526315789483,90.78368421052632,2176526.263157895,7.786842105263166,339.9484210526316,73778922.10526316,4.7126315789473665,378.1784210526316,8743783.684210526,2.988421052631577,67.11473684210527,240387.84210526315,0.4247368421052624,20.335789473684212,408523.2105263158,0.11684210526315772,6.670526315789473,62017189.7368421,0.48684210526315824,30.369999999999997,97369.57894736843,2.626315789473683,116.32157894736842,8942400.210526315,1.442105263157895,74.64157894736843
85,2021,Feb,15.09,2021-02-13 17:20:00.000000000,3497524.611111111,0.17555555555555552,2.908333333333333,28166826.055555556,1.4966666666666673,51.32333333333334,10748450.611111112,2.353333333333334,94.015,1796766.7222222222,6.498333333333335,337.5183333333333,70553157.55555555,4.806666666666666,387.31333333333333,7404238.944444444,3.0205555555555574,75.43444444444444,140365.33333333334,0.26388888888888884,20.60666666666667,181975.55555555556,0.08999999999999991,6.958333333333333,57757309.5,0.4816666666666676,31.65611111111111,71253.22222222222,2.3944444444444435,122.63666666666667,6913904.388888889,1.1311111111111118,73.86833333333334
86,2021,Mar,15.22,2021-03-15 15:39:07.826086912,5792365.695652174,0.30782608695652175,3.82695652173913,34382824.04347826,1.5234782608695643,58.170869565217394,13225275.652173912,2.450869565217393,106.42478260869565,2083053.7391304348,6.772608695652176,350.24304347826086,104429614.43478261,5.539130434782606,390.28695652173917,7807599.260869565,3.103043478260868,84.70086956521739,104570.69565217392,0.31086956521739106,21.120434782608694,156905.21739130435,0.07999999999999995,7.0056521739130435,73022692.2173913,0.6069565217391298,33.96608695652174,172894.08695652173,2.6634782608695655,123.44217391304348,8026235.391304348,1.3456521739130443,77.43695652173913
87,2021,Apr,15.2,2021-04-16 17:08:34.285714176,2589496.8095238097,0.18,3.336190476190476,21802608.666666668,1.1814285714285713,56.469047619047615,8341764.047619048,1.869047619047617,103.23190476190476,1323182.0,5.407619047619045,382.38,69627305.28571428,2.93666666666667,412.91047619047623,7197363.80952381,2.854285714285715,79.01190476190476,88185.52380952382,0.28809523809523774,21.913809523809523,264513.14285714284,0.10714285714285728,7.2890476190476186,44030374.23809524,0.40714285714285703,35.23761904761905,63570.380952380954,1.406666666666667,127.48428571428572,5740586.666666667,0.9638095238095236,81.57047619047619
88,2021,May,15.19,2021-05-16 06:40:00.000000000,2177876.1666666665,0.1733333333333333,3.6033333333333335,25880983.555555556,1.3933333333333324,59.986111111111114,10379715.888888888,2.2194444444444468,106.26055555555556,1287941.388888889,5.34666666666667,387.0877777777778,76483575.72222222,4.0988888888888875,415.81944444444446,6780149.0,2.8955555555555534,86.1561111111111,166028.38888888888,0.374999999999999,23.477777777777778,381424.0,0.11722222222222214,7.815000000000001,52140047.166666664,0.5794444444444449,37.435,46824.444444444445,1.9022222222222211,124.77222222222223,7419675.388888889,1.2338888888888908,86.94777777777777
89,2021,Jun,15.18,2021-06-15 07:38:10.909090816,2670827.1818181816,0.21227272727272714,4.598181818181818,23929856.318181816,1.3495454545454542,62.554545454545455,10184731.863636363,2.1109090909090913,107.04727272727273,1181266.1818181819,4.921818181818183,384.0559090909091,58279654.86363637,2.6404545454545416,422.98454545454547,6966052.136363637,2.945454545454545,96.40363636363637,107659.0,0.5154545454545452,23.31863636363636,152056.72727272726,0.1304545454545454,7.658636363636364,58864112.90909091,0.5195454545454545,37.11272727272728,47364.22727272727,1.6513636363636357,132.65727272727273,7186126.318181818,1.0622727272727301,84.44136363636363
90,2021,Jul,15.18,2021-07-17 12:37:53.684210432,2108483.8421052634,0.20999999999999996,4.168947368421052,20805704.63157895,1.3526315789473686,59.00684210526316,9934545.105263159,2.0478947368421068,101.45,988551.6842105263,5.111052631578948,377.16105263157897,66366312.315789476,3.664736842105263,435.34736842105264,7700671.157894737,3.0789473684210535,86.90052631578946,66690.57894736843,0.4005263157894733,23.33157894736842,76797.8947368421,0.10789473684210531,7.63,50755830.315789476,0.6057894736842104,36.46263157894737,50750.94736842105,1.9589473684210519,128.05894736842106,7509378.947368421,1.1231578947368446,82.14684210526316
91,2021,Aug,15.19,2021-08-15 05:42:51.428571392,2530201.0,0.18238095238095234,3.191904761904762,18060531.333333332,1.0423809523809537,56.107619047619046,9416989.476190476,1.6619047619047636,99.60761904761905,1074567.4285714286,3.951428571428567,360.8066666666667,56901196.666666664,2.9290476190476133,444.18476190476196,7775898.142857143,2.643809523809525,79.73714285714286,47870.666666666664,0.29619047619047556,22.92904761904762,103725.61904761905,0.0780952380952378,7.83047619047619,43174083.14285714,0.5171428571428571,38.00333333333333,47742.90476190476,1.778571428571429,123.12238095238096,6218553.80952381,1.025238095238094,84.73476190476191
92,2021,Sep,15.21,2021-09-16 03:25:42.857142784,2926391.1428571427,0.18619047619047613,3.3504761904761904,22998155.38095238,1.2504761904761903,55.85095238095238,11928604.952380951,1.8500000000000003,98.18857142857144,1438508.761904762,4.869047619047613,347.39238095238096,83140648.90476191,4.394285714285716,443.5538095238095,7725438.047619048,2.849523809523811,88.36666666666667,32108.428571428572,0.23238095238095263,22.31,86702.52380952382,0.07238095238095228,7.7719047619047625,52294966.71428572,0.5223809523809531,37.77095238095238,51340.28571428572,1.6852380952380945,119.40761904761905,7201797.238095238,1.0728571428571436,82.46428571428571
93,2021,Oct,15.25,2021-10-15 18:17:08.571428608,3814084.285714286,0.23952380952380953,4.283333333333333,20724499.904761903,1.1471428571428566,62.61333333333334,10086401.0,1.7180952380952366,109.5547619047619,1613183.1904761905,6.46571428571429,355.2161904761905,71841206.23809524,4.154761904761908,444.72523809523807,7374579.857142857,3.1942857142857135,105.26380952380953,40559.857142857145,0.25428571428571456,21.645714285714284,92300.42857142857,0.081904761904762,8.132857142857143,51319565.0,0.5519047619047617,39.37952380952381,42526.0,1.507619047619048,122.07047619047619,6290768.0,1.1366666666666656,83.21666666666667
94,2021,Nov,15.27,2021-11-14 11:25:42.857142784,2200570.285714286,0.18190476190476193,3.9214285714285713,19812661.95238095,1.2809523809523822,63.66619047619048,10729357.666666666,1.7823809523809548,114.7057142857143,1594717.0476190476,4.6299999999999955,338.77714285714285,63588166.9047619,3.7995238095238077,465.7557142857143,7827738.238095238,3.401904761904761,105.4557142857143,53000.333333333336,0.3185714285714288,21.66857142857143,107097.66666666667,0.08619047619047618,8.430952380952382,53465813.0,0.5014285714285711,39.78523809523809,58615.76190476191,1.7652380952380928,120.75095238095238,6184582.714285715,0.9404761904761918,87.98904761904762
95,2021,Dec,15.28,2021-12-15 17:08:34.285714176,1822976.0952380951,0.169047619047619,3.371904761904762,19962806.42857143,1.2314285714285713,61.290952380952376,10133636.80952381,2.18285714285714,116.39095238095238,1520274.238095238,4.853809523809529,343.74,89010248.76190476,6.123809523809525,466.3438095238095,6170726.428571428,3.5628571428571427,96.90666666666667,60302.19047619047,0.24761904761904738,22.146190476190476,118019.61904761905,0.08428571428571414,8.47857142857143,61584004.38095238,0.6085714285714293,38.787619047619046,65815.33333333333,2.1557142857142875,114.26714285714286,5609314.047619048,1.191428571428574,87.8552380952381
96,2022,Jan,15.4,2022-01-16 04:48:00.000000000,2511659.3,0.23850000000000002,4.0415,30375560.15,1.9575000000000018,71.338,15041869.55,2.855500000000002,127.5395,2164611.05,7.687000000000009,372.121,124302201.2,9.259000000000006,455.84799999999996,9543258.55,4.751,105.502,65908.15,0.3500000000000002,23.7165,309475.4,0.3209999999999996,8.9705,80448993.4,0.8750000000000003,39.7855,60824.05,2.6590000000000003,115.07950000000001,9911826.15,1.782500000000001,87.05199999999999
97,2022,Feb,15.39,2022-02-13 12:37:53.684210432,3239205.210526316,0.23894736842105255,4.405263157894737,33087255.10526316,2.323684210526316,78.88631578947368,14888604.157894736,3.5884210526315807,136.17631578947368,2267982.0,8.823684210526311,392.8073684210526,120955362.36842105,8.18315789473684,442.5436842105263,10292635.210526315,4.123684210526316,110.49315789473684,111293.84210526316,0.473684210526316,26.333157894736843,179484.2105263158,0.14842105263157881,9.222105263157895,69033924.63157895,0.7594736842105271,39.64368421052632,171934.2105263158,2.6736842105263157,113.27736842105263,10045756.105263159,1.5547368421052634,84.00473684210526
98,2022,Mar,15.56,2022-03-16 00:00:00.000000000,6711810.782608695,0.36,4.723478260869565,37110965.26086956,2.5434782608695676,82.33826086956522,22934496.304347824,4.581739130434781,163.1891304347826,3174167.0,13.742608695652168,444.68608695652176,103523243.43478261,7.399130434782604,438.1534782608696,11635063.52173913,4.477391304347826,127.3517391304348,123973.04347826086,0.4717391304347824,27.437391304347823,493210.04347826086,0.24347826086956523,10.185652173913043,72616352.43478261,0.7278260869565212,38.01826086956522,346046.26086956525,2.6886956521739136,122.72347826086956,8289088.0,1.5804347826086953,84.83869565217391
99,2022,Apr,15.51,2022-04-15 19:12:00.000000000,4321664.5,0.3175,4.6025,25281911.85,2.3649999999999993,85.3355,10011394.35,4.278499999999996,165.206,1617625.65,11.806999999999999,453.091,92837873.6,7.9325000000000045,437.8215,6490605.1,5.251999999999995,137.57750000000001,105551.1,0.3399999999999995,28.151,334473.35,0.127,10.5185,66461826.45,0.6945,36.9705,157036.75,2.6405000000000007,121.179,8004420.45,1.675999999999999,87.813
100,2022,May,15.43,2022-05-14 21:28:25.263158016,4733039.052631579,0.4189473684210526,5.651578947368421,31873229.684210528,2.8231578947368443,90.98684210526316,11175977.578947369,5.05,168.72368421052633,1249863.7368421052,9.312105263157894,439.90631578947364,114177443.89473684,9.142631578947379,404.6678947368421,8013073.631578947,6.4457894736842105,139.43473684210525,95759.52631578948,0.40210526315789474,28.01,462837.94736842107,0.15000000000000013,10.635789473684211,80335111.84210527,0.7868421052631569,34.27105263157895,240197.15789473685,2.9373684210526307,107.0878947368421,10719093.421052631,1.956842105263159,84.06263157894738
101,2022,Jun,15.41,2022-06-15 11:25:42.857142784,6412132.571428572,0.567142857142857,6.573809523809524,31443881.904761903,3.1357142857142835,94.01333333333334,11990826.238095239,4.8390476190476175,162.0442857142857,1288914.857142857,9.617142857142856,425.95285714285717,93273939.57142857,7.562380952380953,389.16761904761904,8890216.523809524,6.501428571428575,144.56619047619046,128143.76190476191,0.4147619047619046,28.026666666666664,498226.28571428574,0.13857142857142846,10.036190476190475,62547237.809523806,0.6919047619047627,32.66952380952381,111839.90476190476,2.4395238095238083,103.23761904761903,7504471.476190476,1.6542857142857175,79.54238095238095
102,2022,Jul,15.39,2022-07-16 08:24:00.000000000,4062401.95,0.3095,4.1585,21396027.0,2.5504999999999995,87.4755,8722061.0,4.071999999999998,144.389,1258458.55,9.820500000000001,406.7405,71887418.5,6.609999999999999,389.9735,6687335.15,5.087500000000002,121.65450000000001,96613.95,0.5420000000000001,25.521,259651.85,0.15000000000000013,8.92,41816727.4,0.5930000000000003,32.2485,87500.5,2.191,102.83250000000001,5860182.85,1.3135000000000019,74.01849999999999
103,2022,Aug,15.37,2022-08-16 07:38:10.909090816,4371004.7727272725,0.47590909090909095,5.968181818181819,18353222.045454547,2.4654545454545453,93.7690909090909,8067053.454545454,3.5077272727272732,158.38363636363636,1020748.8636363636,7.766363636363635,431.86727272727273,62433492.59090909,5.2590909090909115,415.3190909090909,5629675.636363637,4.97727272727273,139.57227272727275,75977.18181818182,0.49863636363636327,26.705454545454543,122826.0,0.13818181818181818,9.230454545454545,32444079.40909091,0.48909090909090835,34.31090909090909,77292.68181818182,1.9118181818181812,110.20181818181818,3916153.1363636362,1.214545454545455,78.57636363636364
104,2022,Sep,15.35,2022-09-16 10:48:00.000000000,4154664.35,0.43400000000000016,6.2025,19803401.85,2.327000000000001,92.14450000000001,10861616.65,3.621499999999996,153.547,1300955.65,8.7915,412.608,96281515.8,7.3215,384.0185,5940513.7,4.6789999999999985,133.6815,60741.55,0.44849999999999995,26.901999999999997,236897.1,0.1385,9.243500000000001,46890705.55,0.7040000000000006,32.443,97870.7,2.2319999999999984,99.812,6012868.9,1.5380000000000003,72.61749999999999
105,2022,Oct,15.36,2022-10-12 00:00:00.000000000,3274828.933333333,0.4600000000000001,7.218666666666667,20580893.4,2.952666666666665,100.04866666666666,8219406.666666667,4.986,161.39266666666666,1513037.6,12.814666666666673,412.92199999999997,98497083.6,9.46666666666667,366.78200000000004,5316709.333333333,5.634000000000001,141.54066666666668,55480.2,0.32533333333333303,26.396,263771.0,0.09800000000000002,9.169333333333332,47684396.0,0.8339999999999996,31.426666666666666,76217.86666666667,2.349999999999999,97.05,8109175.6,1.7673333333333299,70.36066666666667
